train_size,rmse
30,0.04490246954322279
45,0.04373441492922201
60,0.04391891033857815
75,0.04383771399682036
90,0.04354385004651524
