variable,delta_rmse
DiffMean,0.12066105908342248
Ten_Year,0.00545304237238647
^GSPC,0.00511605120315302
US_News_Sentiment,0.003387816875416219
Risk_Free,0.003102926137675459
BlkSizeMeanByte,0.002912709978869779
URTH,0.0024380660185299983
BlkCnt,0.0004013696010319978
FeeMeanUSD,-0.00012585013267583378
USD_Index,-0.00024617498561586295
Two_Year,-0.0003736313308056405
Term_Spread,-0.0003989381788490551
OAS,-0.0005697048210000444
Expected_Inflation,-0.001756388205817487
TxTfrValAdjUSD,-0.0019476678325780095
HashRate,-0.0021802659073139026
RevUSD,-0.002738345088789833
VIX,-0.003156751650704036
