variable,delta_rmse
DiffMean,0.002195327426373089
USD_Index,0.0011651507506663522
Term_Spread,0.0009121768449478456
Expected_Inflation,0.0008160369679850593
Two_Year,0.0007468545210347399
VIX,0.00045866784538875217
Risk_Free,0.0002122589143778303
Ten_Year,0.0001627071537395358
BlkCnt,-2.004692574003597e-05
HashRate,-0.00023598106758301318
TxTfrValAdjUSD,-0.0004047646385947123
BlkSizeMeanByte,-0.00045083231091327394
^GSPC,-0.000684057729255752
RevUSD,-0.0010266022272229724
OAS,-0.0010655286048199125
US_News_Sentiment,-0.0012123928698564463
URTH,-0.001324163018629837
FeeMeanUSD,-0.0018718769360792698
