variable,delta_rmse
HashRate,-1.2592281691682639e-05
BlkSizeMeanByte,-2.1624568166177248e-05
TxTfrValAdjUSD,-6.16714796037296e-05
BlkCnt,-6.21913382773398e-05
Risk_Free,-6.744711902855472e-05
DiffMean,-7.356138672525575e-05
US_News_Sentiment,-8.154097210008731e-05
Term_Spread,-8.373954344840645e-05
VIX,-8.448892628340754e-05
Expected_Inflation,-0.00013082923610265306
OAS,-0.0001471307778572184
FeeMeanUSD,-0.00018593620072114152
Ten_Year,-0.0001899310929676129
Two_Year,-0.00019012883120570062
USD_Index,-0.0001978980615858175
URTH,-0.00020354394212364208
^GSPC,-0.00020855434892415314
RevUSD,-0.00024386314811783577
