variable,delta_rmse
BlkCnt,0.0003772556571707816
TxTfrValAdjUSD,0.0003046904651049911
BlkSizeMeanByte,0.00028008734043116074
Risk_Free,0.00025372544576624385
HashRate,0.00020793480544989973
RevUSD,0.00019300334644620776
Term_Spread,0.00013605172876832855
Ten_Year,8.850838511647169e-05
URTH,8.223330248052218e-05
Two_Year,7.788234810538336e-05
^GSPC,6.826155883894042e-05
DiffMean,6.679502235729107e-05
US_News_Sentiment,5.7435389516781454e-05
Expected_Inflation,1.5828722538953342e-05
USD_Index,8.581111879382708e-06
OAS,-0.0002780972143939395
FeeMeanUSD,-0.0004717006616785799
VIX,-0.0005084579729569161
