variable,delta_rmse
DiffMean,-6.298311058847151e-07
Term_Spread,-3.709299720721787e-05
TxTfrValAdjUSD,-4.201704028537062e-05
RevUSD,-4.704905452793812e-05
Expected_Inflation,-0.0001151370066791918
Risk_Free,-0.00012199310508989036
HashRate,-0.00014820095033912656
BlkCnt,-0.00019061465963792767
US_News_Sentiment,-0.0002465662700354435
USD_Index,-0.00028687872853469244
Ten_Year,-0.00030328220535182917
^GSPC,-0.0003174940193038378
VIX,-0.000367607748654436
Two_Year,-0.000380582845398518
OAS,-0.00043600593642360576
BlkSizeMeanByte,-0.00047066540820609457
URTH,-0.0005623887950243711
FeeMeanUSD,-0.000597789647991126
